user_id,pid,rating
user1,LJGE88JYCMZ6GK9A,2.4206558255961497
user1,NKCDU4RZTSAHGJU8,1.6633949691478556
user1,ACCEGH6RNERXNQHW,4.0358521133763015
user1,BDSEGJBRDTHP5VMS,1.522132690056344
user1,NKCEBUPHVBPS9NMR,4.955332002516196
user1,BBAE955KHYQEPWZ2,1.6583191015087162
user1,DREE9ZY9WZXZTDVD,0.48655313968658853
user1,SHTE4MAFFV6MM7HG,0.4046693494354442
user1,PBXEBJ4NDUDBACYP,0.4816373563285131
user1,CRTECN2QX4FC2UAC,0.35867427559479026
user2,DGBDFG8PFWRBGZZV,4.528512164974865
user2,PCSEE4H5JMQQK2N5,4.38443350484987
user2,BXREAZG5AHWJBSED,0.41239907289213673
user2,BBAE4B3ZU44CMGCJ,0.945951629204228
user2,DREEGNWGSHTUKCZM,2.627465922425091
user2,CRTECN2QZUD25VFN,2.751014808803453
user2,RNGEBUDN25RXMZAZ,3.4119402328550477
user2,DREE6UDPXFYZMHGX,4.5936712895909775
user2,TSHE8HZY8MVVGGBA,3.3419125937166463
user2,AIRE98PZ7PC54SRA,3.1486887269069412
user3,TSHE7RZJMQBJ5VR4,4.844012535198997
user3,PBXE829GZCCGKCXX,2.4724884358653565
user3,ACCE9DJZZKHSGD9Y,4.151347862137753
user3,PTPEJNZ3JY75FCYC,1.0548025177514901
user3,SHOE3Q3CDZMYZRRP,1.9952795907282739
user3,PPME9UG8MHNGJGUU,2.9755268837525723
user3,PACECCBJ8ZNZMVSH,0.24034443073551626
user3,ACCEAHRFZFNGZMET,1.6277681617707684
user3,SWTDSG8ZN9PMPYWK,1.2260302893079522
user3,DREE8FH9ZSJJ5YHF,0.45014508730699676
user4,TSHE4KACQVSBXCFC,1.2408353679947515
user4,SAREJWNNYX39NHC8,2.8022304494002075
user4,SHTEEV5FXESXZC6C,2.017202287880471
user4,BBAECRF7EH8TVRCD,3.9888798216057624
user4,JWSEBCY4GYKNFS6Q,4.2579514684717825
user4,ACCEAHRF4CYDEGGB,0.04146780116183746
user4,MUGEJG6TBVQSYMUP,0.5005485186436226
user4,SWTECXPHFVTHWJF7,4.318344129152122
user4,SHOECV2JYGNRGXBZ,3.6172303499082084
user4,SHTE95RBYGWYGDVY,2.349798903615395
user5,SNDECCCGM2TCHBWG,4.340631639192541
user5,FAFEG28UTMGZHPFK,1.2457621984256066
user5,NKCE6SR4XGEMHY2T,3.602998595918791
user5,BLBEDZE5C9G5GDP8,3.908512059868407
user5,RNGE4YXXZKHDXKME,3.738826617461428
user5,TSHE993RKXZDTBGZ,4.474263202856727
user5,ERGDXGYBXDZ72HGS,2.987192336004458
user5,NKCED8FWT3GZZBQM,4.253031562662301
user5,CRTECN2QYRZDFBTB,4.080211867803088
user5,ACCDV4GCKJQEUHZS,4.700707478359842
user6,ACCEGZ6BCUUKPVZR,0.10768202767447277
user6,DREE92AQQFDRUFAN,1.208171613829487
user6,SRTEB3XAW3GE62YX,2.2772599794368875
user6,CRNEDHZGTZCDDAFQ,2.948463357772849
user6,PBXECYF3YHWYG4UN,4.154089333857679
user6,LJGEGJJ3A3YPGNMP,1.7834548034250046
user6,NDNEGCSGYZY3N5EZ,4.240337337989887
user6,NKCEBBYSAJKEEQ8K,4.330703132157366
user6,SRTEHVURZFRUZUCZ,0.05403192850564953
user6,BZREBXM8DYBHURWH,0.5437240579118974
user7,MUGEGZUMWYZKYH2A,1.223163207897196
user7,TSHE6KWDTQRGEWQZ,3.4586790079319627
user7,ACCEAMGZRRYVAHDC,4.449166736645748
user7,JEAEGE8RGZSSSHXZ,0.8275174191774315
user7,BRAEBWXWZVBPQMZ4,2.343784759423202
user7,BBAEGG6ERJXKKTCR,3.531870601972888
user7,BRAE9RDPFQQHHNNE,0.7707119953054598
user7,SKIEE2A2ZKAJQTB4,2.470544980666323
user7,TOPE45NZKEMCDZXX,1.7911186609868346
user7,SHIEBZB4NSHCQTXA,0.7942313474606666
user8,WATDKB7JW7USDVZ6,2.850877291080607
user8,STIE6Q5SH9WHXSZG,2.489737194675971
user8,SNDE9P5935DJF2ZQ,3.057641773204187
user8,RNGDQSVDYXGDEXMH,4.555224119726862
user8,LJGEYFMPJEZGZPGR,2.619724180292326
user8,SHTE9CRGUMFZ2J5M,4.684980495884949
user8,WBTDMEZTDSZGZEDJ,3.2030326789201635
user8,CRTECN2QVB7UDF2P,0.30100787805234397
user8,NKCEFUJPGTTC7N9Z,1.81131838152363
user8,BRAE7YF6QANCRAZV,4.950877780989068
user9,NKCE8RUW7KFAYZGY,1.8886882099047124
user9,SPBE2GVZYK3CUMPH,4.94253068726245
user9,BZREHJ6ZXZ9YWZFB,2.5226574978971854
user9,BBAEDVYSEN75YZZ7,0.9751846902684225
user9,FABE3GHHBUZQBNXZ,4.077168057475501
user9,WATE8C5ZUTSGNEMF,3.1675590047509283
user9,SHTEYN8S5FHNT99G,2.425327255813542
user9,FABE7D5ZSVVRPG75,2.9233777226446738
user9,STIE7KFJHGWC7RTY,1.5311115122075396
user9,STIEBU65ZHZESDWV,3.2796599504151684
user10,PBXE4QFH2BXJGRMG,4.6115467603941305
user10,AFGEFJSNF4QCGMXZ,0.2070112919332351
user10,PBXE9YWGPHCMHZU6,2.933176136153912
user10,RNGE8URXBHZUZREY,0.07238469543525972
user10,NKCE7AGZESRQGFHG,0.4685711063970682
user10,PACEFVZZ2R8ZE5ZH,2.9050647039884065
user10,SHTEAHVDPYTHAJYF,0.36218315668860745
user10,NRSEEAG2VG6ZNBEP,4.671442519212465
user10,ACCE6DZCGNZWZJYR,0.8431792634570628
user10,BRAEYFDGSY9S9ZDW,1.4622306268824463
user11,BBADZKBHGND8CS2D,2.105075446501422
user11,SGLEJ8GVTZDGFGUJ,1.864843596003038
user11,PCSEE4H5CYRKNRZR,4.6943079201064695
user11,NKCDU4RZUQT8SNWM,4.285091951079049
user11,TOPEBKYKJZCNRNNJ,0.1188791923360738
user11,ACCDXH5HUUZCHVZG,2.546248645464684
user11,BLBEATUAUHNEQGTH,2.3105695824793764
user11,CAGEBTGHSVHHWPG6,1.4682692803173665
user11,KRTE8E8NEFJMDNAS,0.9969361512743613
user11,SHOEC8QGS3H5XRKD,1.3882608365964537
user12,DREECHGKZKG6NTX6,4.75985630102047
user12,SHIE3FHYZYD3JHQD,2.7409987523606185
user12,TOPEGVHJECVFBRMF,3.836682978574598
user12,KTAEJNESGJ8XQWMC,3.407045201120416
user12,BWSEH2A8Q67YCUZP,3.884731075630472
user12,SHTE8E6YZH27RHZG,0.6051794957956069
user12,NKCE5UZHRWGARHGZ,0.2599690021969481
user12,CRTECN2QVBDPEQQ2,0.9670710315172376
user12,NKCED2ZGYUHRCCHF,0.4892487121197592
user12,CAGE44J56KZG2CH3,4.132717392011145
user13,SKPEJ9GJEASCGYDF,1.325219410358709
user13,TOPEAGZFA63MGRWF,2.7661296812137333
user13,AFGEH6YSKGDRB2QX,4.566449996957455
user13,SHTE6SEHFYPGUHPU,4.476305666979142
user13,ETYEGW59FFDEFGMU,4.5811350433001135
user13,RNGEDAKBYP2TW8ZH,0.7483739479226886
user13,WATDGFAQBJJV2TTK,2.6390975430332126
user13,WATDZ5HGGUGHEZMH,3.6394237498065207
user13,BBAEJKECZ2ZNAUZQ,3.043177758701094
user13,TSHEHBHSKBJWHFNF,2.441738241751488
user14,WATE73KDCHSTRMRH,2.5044005889437133
user14,TOPDZFGCYSYHDZD6,0.988748554607925
user14,DREEAEB86RDAXZPQ,3.955108939367813
user14,ACCDXFPFH66QGGR2,3.8192034185289216
user14,PTGEGUP6TA9TUFZZ,4.260815447240774
user14,SAREG4535HPVV2ZV,1.2608626394311377
user14,PBXEBYHC4S5BQYDA,2.2399222806412302
user14,BTWEDRTHRY83HXYY,2.581329396136762
user14,BBAEDGFYBGYZHXA3,0.10635471923693629
user14,TSHE4DTFMJ4EVN4W,3.713014047777486
user15,RTRDFFYG65VG5RWS,4.165837902480923
user15,SHIE93F2DYWFVQNG,4.026647503638805
user15,BRAEHAANSWS9HJAX,1.4589194142347544
user15,HMBDVFVBYZ4GTNQG,3.627813725776207
user15,BTWEDFCPBQ6FNNGB,4.960174463449505
user15,PBXEAT5YDFMUMHGB,4.246597904266983
user15,POSEH7Q4B7F5BUDV,3.531005923668819
user15,SUDEGGBFA9UZ87PY,1.6040358194344946
user15,KLSEGTBZFY4HD7BZ,1.5505534818908502
user15,CRTEA7HAC5HFBYGY,0.897168887889836
user16,RNGEDAKAYYUNYW9P,1.0804885432002416
user16,JWSDYTMZKQ5TBSQY,4.949340062737594
user16,ACCE9DJZZBFBGZBZ,3.477629172499329
user16,CRTECN2QUHHJZNY8,1.6860150824351368
user16,PCSE3693H9GC3D2Q,0.2747369862836524
user16,AIREJ3SFZNZ5RHRZ,3.3131634508325214
user16,RNGE88Q9A7UHUHZQ,2.7155554358138145
user16,BTWE3SMGGTGTSMNF,0.04874694663287049
user16,PCSE5VQ3FZTNYHHJ,2.637770832988022
user16,TSHE75PXKGNFJFRW,2.0495429287587767
user17,PBXE6XUJFPETZWF4,0.5485619338587594
user17,PCSEB5BW8GUQG6ZH,3.1164825297637355
user17,SHTEFGGXSUAHUNVY,4.481956321493321
user17,PAEE7S8FY4CZZGJF,2.3258635331305793
user17,SHOEBG6ZGRJ9BGGN,0.3951177811162443
user17,BRAEA5MZ4C3JY6KE,2.9928073458831856
user17,RTRDYJUN75ZHEUD4,3.7602264153185754
user17,BLBECGN3NT4GEGNG,1.0766610357366164
user17,RUGEH4VHFHY9CZGA,0.9538856064015455
user17,ACCDUV7ZYXGM4FX3,0.43334492932893487
user18,TKPE7DH2BQNDHNAK,2.680217484292062
user18,STIE34TGNPF6MC8K,3.927467712677611
user18,PBXE84AFH8Y5KECY,2.4841924482526245
user18,KTAEGZBRBFRH3MTF,1.978876631751716
user18,ACCE6SJGFXCHTVZV,0.483377175267668
user18,CRNEJB4NBT9BTM84,4.132438916873529
user18,NKCEBUZ3TDYA3MSE,0.5174951834838815
user18,PPMEBHH9TNTUJPGQ,3.1197711213878954
user18,TUNEFKJFT6H4JTHG,2.992074067623065
user18,NKCEAX7HJGPZ84KZ,0.8302189022752676
user19,TRODN38Q8HHZHRFE,0.5653337101657663
user19,ACCEAHRFFBDWUM5V,3.8738064379329176
user19,PTPEAT32YEZ7G4BB,2.9611377222616846
user19,TUNEHYGZXC4FMSTE,2.002834065866404
user19,NKCE9PFFEKXPXZ4U,0.11152773577290831
user19,CBKE9WKTKZDY7GGH,1.1897326271729403
user19,CPCE2ZMDRY5XHUHF,0.6793004587630269
user19,MUGEBJ7XKJDMNXY3,4.685125684614374
user19,NKCEC87GZMWYCMUG,2.372854787863777
user19,SNDEJTAMJRYJEP8E,0.07558201796151298
user20,SUDEGGB34A8MWUGH,4.109546561824761
user20,CAGE9JEFFUQQNQHW,0.28501745134943246
user20,BLAE68CV4Z6YZZHG,0.5641576900154699
user20,CAGE74TUHGRSTBYU,0.7772547214779468
user20,USGEDSGQPYKN9YKU,0.07437896709597713
user20,JWSDXHXGZGR3ZWHG,4.030363655883111
user20,SHTE4TFYUKGMZFKU,4.531747648898733
user20,TWCEGVM8ZBEPBH5G,4.147654767376028
user20,NKCE6FYZXPWT4TJZ,1.5505422159603843
user20,KRTEBUNTZB7PSB9N,3.451902287412328
user21,SHIEJZW6DRQMT2GW,0.9784599046301712
user21,LSKE9RHN77N3YEHJ,3.516808576143677
user21,ACCEGZ66HGA5WZTY,4.646126129912144
user21,NKCECZMAXJZH6XJY,2.6582746555128454
user21,TSHE6KWCZDGYYZZH,2.4247528622388903
user21,SUDEGGAVPKU79WUX,2.553025714364368
user21,SHIE2RYNGJXSNCWX,2.205351621100991
user21,BRAEE6YMSYPNCUX3,0.5429623639166453
user21,MAKEGPC7WGGZFUZV,2.691564191275032
user21,BTWE5FQBGFYDBQFY,0.016175665568006203
user22,SHIEBMJJEU2PJKCV,4.831734890364764
user22,SOCEDFAY5EHHZKUF,1.805100781508563
user22,MUGEAGGKZFD7ME7F,1.2614761198842435
user22,INKECA5VFTCGF77E,4.923269694499325
user22,BIBEJCBYSWXBFFJ9,2.2595286925367097
user22,BRAEAR7WGKJBUFYA,2.4716446552283773
user22,CSOEGGERRAMYB2WV,0.9503957123532025
user22,SKIECRUMAX5GBSCB,1.2620562661848278
user22,TOPE6ZCJTWVV9GRK,1.7373616675164516
user22,SFFEHW2MKEGWVDEV,0.3241881675303765
user23,RNGEDAK9YXVZV6G9,4.9842135536561685
user23,BBAEBDYBVEVGGHBW,4.47794481083493
user23,TSHE66CHJZFUGGX4,2.919275338975986
user23,SPBE2GVZYK3CUMPH,0.9295833164449924
user23,PYJEGWJQMTQTMGGT,4.311698390204832
user23,RNGE7M92HQECSUYG,3.0357921916374857
user23,ACCEGXDJMWKWYHPP,1.609098219867589
user23,PSIEF4ATFU6QYETN,3.9459003981656924
user23,CPCE5YKSD8HVN6NG,3.0751453852537916
user23,TKPEGM7QPGUZMQMD,1.8093826786952272
user24,DEPEEFCXYHJZU4GY,0.9627341480503737
user24,DREEA4DTCKTY3GJZ,1.9374611628964473
user24,SHTE6SEHTFZHK2GQ,2.3137154153474775
user24,SPBDEKSZ5JF9EYAC,3.2351590506324532
user24,ACCE8XZMEQ5C2MU7,3.100877483754587
user24,ACCE9Y6MF8HWAQ6N,0.5855608719345212
user24,CAGE7NK9ZCBCV55Z,4.8228960659186075
user24,TSHEAF9GH8YRFYQH,4.590801585036515
user24,SCIEFHFUUSZZD24P,4.473692321772967
user24,NKCE5VAAU2Y7ZW2Q,4.154344534420373
user25,NKCEFG3C6TAZNNBY,4.6055968378162015
user25,VILEGEXCGUGBJGVH,0.5170571349881659
user25,TSHEF3Z28VB2TEZU,2.170831453013442
user25,SHOECFFWRJYBTPHY,3.9140074100465707
user25,RTRE38HF433WXQJD,3.66792626262193
user25,BCHEG4ZQ9GKNSHXA,2.9745260335861357
user25,MUGE6A5HYZZVG5Y3,3.250406945540681
user25,NKCEC8ATTJB3QMGB,0.8876545759027415
user25,SNDE72HHUHSAGFQ2,3.5504339973208494
user25,TSHEAGHK5UC4XDUT,2.473555031787881
user26,BBAE73VFNENV92GG,3.9998034835931087
user26,NKCDWBPZEQGZJ4PC,0.6453004013881297
user26,CRTECN2QZFVWZMTY,4.980526880757134
user26,BRAE9WYJXR43VESQ,0.09507376574264981
user26,TOPECENJ85HRQQHA,0.18448011911806061
user26,JEAECN2QQX3JE2KS,3.586023779619581
user26,DREEAZ4HUYXZK872,1.2318991266282886
user26,RTRECTV9PSVC8Z9Y,3.9609927489902583
user26,UMBEGBPZVYPXJ62X,3.851829795285741
user26,HMBEGFGAH9ZS8HZH,1.7116512016880798
user27,BBAE5GMYFGAVM4X4,4.549094323267058
user27,BBAEJK8Z5UD97GTP,2.375309250024804
user27,CKIEGRF2ZVMW5TC5,0.7483979405372398
user27,CAGE6FYKMJNKDUE7,1.514539562106686
user27,SNDEFV8ZSKGTFAAC,3.1508911811935074
user27,SHTECDGF2GCBAXNY,3.0388193715089127
user27,KRTEDFFUF9SUYUEU,1.8829280146092602
user27,SAREGVTE4CZ24RYK,0.28990041192873517
user27,KRTEJ7ATWVYZT3QZ,4.811424850327044
user27,BLAE9CSTCCH7GHCY,1.0121299855822719
user28,BBAEFUFSYGJYCUYS,3.26216656913694
user28,RNGE7KFY3XZNZS48,2.208385643619609
user28,TSHECQKNFFER2ERM,2.0474350307565365
user28,CRNEGHFTNZAFQPD4,4.932572688835557
user28,CRGE956ZTWA2Q4JW,0.3453565008950815
user28,LJGE9TGN9YHYZEEF,0.218471289370194
user28,TOPE8DPRZK96BY25,1.1281303552499748
user28,SNDEJYHYNHG7WMR5,3.129293724506601
user28,BRAECTFYJJNYCY3X,3.5697311317804656
user28,SNDEDGBMM8UGED7W,2.807473547666964
user29,TSHE9K9JFHHCYGHE,0.5673856404577199
user29,BALEDMVBJHEQRJS5,1.7115488714867
user29,PTPE7V9ZRFFHG22K,1.4994530601978489
user29,ACCE9ZY9SMY2NEB4,1.949586814555348
user29,SHTE4YFYMFWDZZYH,2.6407959731810338
user29,JCKEH9EMRAAEPJBD,4.7294595286455134
user29,JWSDZY73KMTNAFHG,1.5959975019776473
user29,SHTEC9M7NADQD9EJ,4.57552703886163
user29,TOPE6HZUKGTFPUFP,1.7416733951577112
user29,SHOEC8QGTYTSYHRC,3.875218365754736
user30,BBAEAZHMRZ4H5AVH,3.6046725919353677
user30,PCSEC99MJKWX7FXG,0.5010352961887737
user30,SHOEHC8QSEFW8MZP,2.142887596775034
user30,WATDSW7X8FTCNSHQ,1.0755006753039997
user30,PCSE4V8HN6NGMFBH,0.9665300224695567
user30,ACCEFYBAHHZJJK6Y,1.0194937613379573
user30,VANEGDV9VWHGCEBN,0.04440115553585977
user30,NKCE38HBJCPPYWKH,3.1585172097625676
user30,CCVEFX3WAZFJA92K,3.507952133365815
user30,CNDEGVE6CRCDNHNV,4.1182812271231946
user31,MUGEKY39VHHGWSFP,2.9759350642216935
user31,BRAECKHYYMVKTB69,0.94644036613729
user31,CRTECN2QXGUXXZUG,2.2579907928477754
user31,TOPECMKVRZJKGAYZ,4.131903157666238
user31,BRAEDQEERYSR3RU3,0.004343363905525144
user31,NKCECNPWX3KHA4QG,4.345620643648617
user31,NKCE9GY4ZH4Q4K69,4.402162096017522
user31,BRHEDHHTFJFVFFCN,4.688192130888372
user31,WLPEJR93AGRUSEZH,4.636037606716808
user31,STIE2FRBHNXFEKMC,4.90235132083672
user32,NKCEBUG2XMBRJDGV,3.098166609943993
user32,JEAEGMZZTJ9UGYDF,4.467574722857986
user32,SHOEC9FZ3BAF7ASF,1.292793071875925
user32,SNDEHDC6YDWFWHV2,1.3824549607676468
user32,RNGEH4GMATPEZ3VV,1.9491164196271193
user32,DREE9HY9TTBYDQSZ,0.3979860321179518
user32,BLAEEB88PCH2DKHD,2.1962571392488184
user32,SLIEHUFGN6EAJZZV,2.6658036947608292
user32,BBAEEYYXVFUCE7RZ,1.9378008690481057
user32,CRTECN2QTVAGYNZ6,3.071506377466033
user33,SARE86DZPAVZZ8S5,1.5691090225085202
user33,PTPDVPFYEKTVFEZ8,4.140387365991316
user33,PBXE5ZJZJJTCZDBT,0.839434250217459
user33,BTOEGZCTTDY587N5,3.9665274832371393
user33,BBAEEYYXVFUCE7RZ,1.4368609356413247
user33,NKCE9TBZD2EGXYJ3,2.28616259579282
user33,SHTECGNBSAKU7EE4,2.8999694713636313
user33,DIAE5DGHXZHKBYFG,0.058008762574540684
user33,SHTDYTMFF8GW6ZKJ,0.4654137011782289
user33,SHTE8A2SPBJSZMV2,1.6226845251256528
user34,WBTEEJF362PCQUAA,4.6835477672120325
user34,TKPEHGWYVVXUYCFC,1.3779476761096348
user34,NKCEANMPQABUFANV,2.591999022908009
user34,NKCEBMDCUWFNR7ZC,3.1280712192091875
user34,ACCEDQ5CWGUW4VGV,2.461788913458576
user34,BRAEE6YMVEZJ7HSY,2.924843682081397
user34,CRTECN2R778GQBCY,1.7890844217164148
user34,MSOE7D95ZBVSDKSX,4.668821439110716
user34,WATDUNJ7VGBH2HJ3,0.9487587919641977
user34,BLAE8YHUJYHGJYZE,0.30799627017126796
user35,BRAEDTNZZHEJZXGZ,0.19863997463621386
user35,BRAEBBMQZFQES9ZQ,0.6671001475699995
user35,MUGEACY7ZZGGMC6E,4.054637081628861
user35,BDEEHQXCHZ3CHYDZ,2.329049889913693
user35,BBADRUPT2C7HVVS4,4.292456903642821
user35,TSHE3HHZZMFXDVKN,4.463157701198346
user35,SNDDZPVYKFSZJF35,3.57381354095913
user35,TSHE56TZREBGGM83,0.7571064628241592
user35,TSHEDF3YDS9ZZDG7,0.8332244939572708
user35,ACCE9Y6WGFXYHHFT,2.2773063468762578
user36,TROEC8RBWX8FJR9F,3.46393817758032
user36,PCSEC86VK6TNZVZM,3.242872432141141
user36,JWSEAXHZZHFXWKRR,4.8058484466548475
user36,CSOE94WXZHYY9AYH,3.8935148666829047
user36,BBAE3JG3HZMARBFP,0.746305743537321
user36,SHIEHXZGUAKEU7HH,4.68333787633065
user36,TSHEAKUGCRNEMD2X,1.9954626527652581
user36,SUDEHYGU9BE2XETS,3.6581805501757096
user36,TOPEGGYPVQRX7UD8,3.9491728824840906
user36,TROEGWHHRHGBEZS9,3.950237842848758
user37,SHOECBN4QGZECV6F,1.9072451900963294
user37,BBAEDVQEWZDM2P32,3.7633196039151477
user37,RNGE86J7VJNYBSHZ,1.2793493334728283
user37,GOGEJ88FJUGSVM4K,4.5769850031531485
user37,STIE7KFHF7KGHTT3,3.241563143794752
user37,ACBECFGTEC5DXHPJ,0.748980202645827
user37,CRTECN2RCNAMYX2E,3.581885503705929
user37,SWTECYHHU6Z2QZWT,3.3302078505352153
user37,BRAEBG4DCHJMRYZZ,0.8417177436696122
user37,SGLEJJ7HNYDPKZ5P,2.0747650873255905
user38,HRCEGXJPZH7KJXZD,1.8264924901808803
user38,NKCE9PFFUUT9JMYP,2.3730688246534886
user38,PCSEDP3UUPFTQFCU,4.751602607677351
user38,FAFEG69U9QWZ6GBB,1.350684412102623
user38,TSHDZCZYMDZHRBFK,1.7382225565432008
user38,DREEBMGMTXPQEAHZ,1.1321983046314144
user38,SNDE2RSFZ7Y3G7Y8,3.6639990542581895
user38,ETHEGCR4DPEVRZZF,3.224406342626235
user38,ACCE9Z2HTUFZRNFF,1.9297053172300815
user38,SHTE9CR9YDFH23NM,0.9772513726050308
user39,NKCE6TNZC77VFFDH,3.5588579256888977
user39,BBADVRPJWMJEJQZG,0.7655081520056084
user39,TROEHGFYZTGCAUM9,4.264123773560674
user39,RNGE7M92A3SXRGHR,0.6567145963180837
user39,SBGEGE6TNPUX8STE,4.384788252479421
user39,SWTE7V5K6JAMTFZQ,4.650814515625118
user39,SCHE4YSTHJSYEJHJ,4.985485581822915
user39,FABE92NUQYTAKUNG,3.7464019612053607
user39,SHTEBYSVAMUGG9PP,3.3195232091343314
user39,PENEAFA9SFMFMZGS,3.806286902796638
user40,SHOEAJHWWBJBB8DH,2.949754586051429
user40,WATDZ5HGF5UXGZVG,2.035970582052648
user40,HMBEJH7DSUDXCGK8,2.060877753192445
user40,NKCE92XFGJDCZMES,0.5074638595147352
user40,RNGEH3H8UQ2FHQZ2,3.7801191336410915
user40,TSHE6VH6XSWDJ8YK,1.6701161740556252
user40,KLSEGVEFE3GGWHKB,0.31797432724739005
user40,SNDEH75ZFZ5REGFH,0.8495951854241701
user40,ELREGGQ3MUDPCH4J,4.134256496698969
user40,LCMEJMZ6TWVHGZDR,1.1936955745363353
user41,CRTECN2QZCGZSGK8,4.6760121607207585
user41,BRAE6AV3ZZQHKDCN,2.8951736718869716
user41,SWSEYZ7FNGYKDC7Y,0.491111499601421
user41,RNGEB84Z6NCDPEVN,1.0466829118133676
user41,BRAECZZTYYEJX348,3.6503387111189807
user41,NKCE2F5HBUPEAAPZ,0.7761756369298961
user41,NKCEBUPHVER5F2TE,2.1788344782153595
user41,KECEGTXHZPBZHZDX,1.3701407823706813
user41,SHTE7F94BCBVQFHH,2.078733519601896
user41,BATE8FZ2PZFVYKQB,3.920519005733345
user42,CAGE9ABA6MTKHCNM,0.856526108834702
user42,SNDE9B8FER3FJVJ7,2.131317069525501
user42,BRAE2NF6S2ZYBQWQ,0.023426509317157618
user42,BBAEEBKG7CXKFXWY,2.6616365895048606
user42,JCKEDVZMPH4R7FNN,4.356552360078208
user42,ACCDXZK5H9WPZ84Q,4.710574578906651
user42,PCSEAH5WVA2T7SZK,1.196644551853543
user42,CRTECN2QW9H2NWF2,2.5532936720233845
user42,TOPEH386MHGAZYNK,1.1131560770925226
user42,SAREGSFVGZBN2UC8,1.7538156780711633
user43,MUGE6S9YXRP8MRQC,4.1995428969825745
user43,FABEB2TXGRJ7QVKH,0.2476999015939224
user43,ACCDXFPYT58AGGAF,1.6176976982458964
user43,NKCDU4RZNF6KXYXZ,4.013502173820386
user43,BRAE6ZCKXEFXKU5Z,4.789889003322722
user43,SHTEG88ZZRQ5GEZD,2.2182009763721613
user43,SFFEGZBXTYFSYJQA,0.3637976525121628
user43,LACEGEZDVDYA4FZZ,1.9621714773315264
user43,FABE9335XAFGYAKP,0.9161414148194713
user43,RTRDQZ8Z72FRMKGX,0.6833548489822278
user44,WATE8H95AJHGJWGY,4.822496459196916
user44,PACEAVZ3TFG7CAHS,2.7597260552753062
user44,DGBDTCRFCVWWTPWW,3.841615446059547
user44,SNDEJYHYGANG3YQ4,3.4707031272329854
user44,USGEJPQHZHYZQHBU,4.499779445593035
user44,ETYEFUFF2DWXNYV2,2.5380519741040293
user44,SHIEBP8VVHWKGHSK,2.35765367362615
user44,NKCE9G2AM36WW4MX,4.7128153146655425
user44,BBAE5W34GYHRFW3S,3.30553926174744
user44,DREE9QY9NFZ2J7RD,4.036663367228926
user45,ACCDUV7ZQK3EC2GM,4.440489022453148
user45,KRTECTVAEGPYJBHB,4.9139208571566915
user45,SNDEEAFUMWCMZUGV,4.8313026328654525
user45,SNDEGGUTDYJCK7KZ,1.153286871815848
user45,KRTEJ7FYEUYZJQHX,3.6391406798666717
user45,CRTECN2RQJGXB54U,3.336070031704465
user45,TSHEABRNHSFNZGQR,0.7951014172682747
user45,BLAEAWAAZBKZZEDV,2.1192465031868264
user45,TPYEGGGZHDFZWZ2X,1.6981805318552479
user45,KRTDXM88AJFUVZWK,1.1600025141220964
user46,CRNEE84JQG9WX6RZ,3.798622705631187
user46,NKCE2YCPGMPDFUPF,3.55172725480951
user46,CRNEE84JQZE2TYHM,3.8587373198722075
user46,DRPEF2XSFBAP4SUZ,3.3128421388420954
user46,BBAEE933J2HCZBGJ,3.2244603512650025
user46,SNDEFR96XHDY6ZKH,0.7171134175100924
user46,WATDNV3VGWQEVHJU,3.4560691206324194
user46,NKCECGT3EZHNNRAT,1.5855165980625214
user46,BLAEE2GJ8AEFWJZ9,3.564448771478318
user46,BRAEBFX5KTUHCZM7,0.5175571196025025
user47,DREEGU3NRQMDCFER,2.650519651749777
user47,ACBECFGTH6NHZXYZ,1.357573284442513
user47,CPCE2ZMDYGENCZEN,4.824243715353466
user47,TROEGNQE9GNRFYQD,4.361337302594549
user47,SNDEJYHYUBMNAN3R,1.1596707862340216
user47,SHIE55GTBQGB5QSZ,3.8032816820725612
user47,BDSEGZCETASFKSBF,4.815708232207168
user47,WATE2RX9CHBGEDRC,1.2574528988403295
user47,USGEE3GCYYWX5ECP,1.8617106121080018
user47,ACCE9DJVQGY3HGXQ,0.9657576084778585
user48,RNGE7GVYTUPHQRYK,2.5837227452887106
user48,SHTEBRFZHX5RGBMF,1.1803044083475744
user48,PBXE4RB4BZYTMFGY,4.179407173144351
user48,VHREB3NZEN8HGQHT,3.154040455679501
user48,SHTE95RBYGWYGDVY,1.8161857345677785
user48,CAGED275PAD86Z6G,1.851680870549024
user48,SHIEBZB4NSHCQTXA,2.847304010962268
user48,SHOEGS9FYTFGGZ97,3.115372630987453
user48,ACCEGNT92ZHV8UK9,1.9838154570422617
user48,ACCEJMAZCNQPU3BG,1.5647440556160608
user49,NKCE9TBZD2EGXYJ3,0.26991153821806557
user49,USGEDEACJFWG9HX9,1.0766494628451095
user49,KRTE9HRZUN7HYQHG,4.085173724101234
user49,CRTECN2QZZ9WFURB,2.0909181785461546
user49,GLSEHEHRX2AEPMY4,0.7933033023796038
user49,SHODYQDHGGG4CZPW,0.2710425845538966
user49,PCSEC86VSX45XVZS,3.572263213081204
user49,TOPEGJZHGZFSGCM8,3.090459756471285
user49,NKCECFGDGPUSCXXS,2.1013456208555397
user49,NKCE4VA4WZWGGXUT,4.880401673064149
user50,JCKEEB5YX5Q8HYBM,0.5108931333766348
user50,ACCEAZCVWSQFGFSK,3.4521096886239713
user50,BAREGSGXZMYSFTYV,4.55554539177251
user50,DREEBMGNXJWYBEKS,3.738237293878549
user50,JWSEBUKYM3WYYQ7T,0.9937189652431294
user50,CRTECN2QUFVCKWYA,3.77567201575739
user50,BRAEHQZBBEX3GATV,0.29315062489565336
user50,SHOEJCZFDNVTB3RF,3.7579162653819194
user50,PWTEB7H2E4KCYUE3,1.5818106297877255
user50,NKCDYTPJUHSAF2ZE,4.718843588927203
user51,ACCEBJBHE7HH67XN,1.923536003761705
user51,SHOEBKEYSKS87GKG,4.577998986794166
user51,ACCE8JV7WA69JWEW,3.5621949857022193
user51,JWSDUGFCNMVZFWHX,0.2659312023535465
user51,WATDZMBRPYAYTP4G,1.867805103779766
user51,NKCEBVGGUEZCJZZR,0.7681526783449821
user51,BALE8HWAS26ZHNTC,4.240532087288412
user51,PCSE6SJGZWXPQY9G,0.4872024848807738
user51,ACCEGUY9UY7UQTNF,0.786929638962085
user51,BALE72NPAUVU8VDF,1.3625753641476968
user52,DREECCMNACW7K73W,2.721572299965589
user52,DREDZPX3HYAGG8JD,2.246457936264168
user52,SHIE9YHZYHSXX5UZ,3.1011168764982795
user52,DREEHFYMH2TU4G5V,2.085942518946802
user52,SHTE6F3CUWEURTKB,3.181494881352566
user52,STIE8YSVTJXCRPHK,0.08343262622433678
user52,SHTE6P4EQHBG7VWY,0.6270891122007594
user52,CRTECN2QYGW6AUVX,3.2420528761735734
user52,TSHEA7W9F63ZDUTY,0.9392979514843786
user52,RNGEH6UCQNQGQNFP,1.6674294890528796
user53,SKTE5NGPGYSJVC7Y,1.6850893615621927
user53,PELEG5D2UYKEU8FQ,2.7106885948329893
user53,PCSEAH5WWRYGEVGZ,1.3200397796048247
user53,PCSEAKVBS6ZDETVX,4.641772310972598
user53,SHTE6GKKXH8R6RFS,3.150098332258327
user53,BRAE7Y46N7YAFU2H,2.2775131767979646
user53,CSREGUN544KKCUAU,3.9510015985512865
user53,ACCE9Z4HZHMZNSGK,2.36649110636844
user53,TOPED77KRHWBGGN6,0.8559559929182015
user53,WATEYUZXWKUESAYZ,3.6721221968007907
user54,SHVDNAZR4CJHKTQK,4.7918957233019235
user54,BRAEA6XVDPGFYZJD,2.634640049161616
user54,NKCEGZYYXQTQGX4Y,0.3327190184118478
user54,PPME7JN33MV2ARAY,1.5750951471014547
user54,NKCECZFZWBDN26NY,4.189692878612959
user54,RNGEDAK7YKSSFVHH,2.0174639035348
user54,SOFEDVYZHDUAAYRJ,2.8784390609198987
user54,PEBEDUQ9A6FWPEE9,4.642744991905243
user54,CRTECN2QUVRBHDKG,3.3187602727780856
user54,BRAEBBMQPYJXYNNM,0.7780993879727593
user55,BLAEDJNKEWUHHBF5,2.7992527898824675
user55,CRNEE84JH3TXUBNT,3.69678567364069
user55,BZREHKZPQ4GHFCZP,2.820294597665956
user55,ICTEGGZJBFTJZCSY,4.611671740864652
user55,SHTE8ZWVS5BUPARG,0.991909915713568
user55,STFE9AYY9MAGMNEN,0.8681385912677053
user55,JWSE2J29CCGMJFKH,2.4952897425256064
user55,SGLEJJ6QZDYMJ7EY,4.644063969166334
user55,NKCE6GJ5XVJDXNNZ,4.96822782632458
user55,AFGEFM64GSRSURBU,2.792113834955794
user56,ACCDNSFXGXMJTYZJ,4.612402650471355
user56,SHIDZ3SWEEKCJ8PM,3.1276298480539246
user56,PANEH9Y39GF5NNHR,1.9974888667480106
user56,WATE2FAHEHGG5UD6,0.1877899823022272
user56,DREEDTNSGFUFPYBQ,0.6093315678466998
user56,JEAECSSZWFE7B9EK,0.8293041541566826
user56,SWIEHF3EF5PZAZUY,3.4132189152379167
user56,BEOEGXRWE4NDBJNV,4.603072823577651
user56,SHTE5J37G5NZEACS,3.555503152907158
user56,RTRE6Y4UUCDRGMN2,1.5378518402530013
user57,SHTE9CR9YDFH23NM,4.473453824617726
user57,SDTEBPB9BP7FHFZV,0.3529275538630944
user57,ERGE8E8ZZDFTXQRX,3.966577124997968
user57,ACCE9Y6M2JWF5CYX,4.179815457300348
user57,BRAE7KQVPZXEUTHY,0.3974978401437529
user57,PCSE4FKCGZNGNHFN,4.253574080522411
user57,CRNEG8D8Z8MCHKRR,3.411454792422059
user57,FABE789NVCTG48YK,4.048344971656766
user57,SBSDUTY7VSABNSCK,0.4427636092499526
user57,BKAEGFWZ8SG6JUFG,3.3691075335215444
user58,BBAEDVR8DQYHHPEB,4.958132616756906
user58,PCSEAYRTZYDSPGMB,0.9502500772167954
user58,DIAE2QNERNBQJ8ME,1.27452423791369
user58,NKCE2F5HTYH38P8P,4.528578206287243
user58,DREE92AQQFDRUFAN,1.43458158936191
user58,NKCEAJP6W76CRZXU,4.120214001331803
user58,SGLEJJCW6JYDJZKH,4.586168156301163
user58,BRAE2NF7GHGHTURG,2.2016653660644074
user58,SHIE9YHZYHSXX5UZ,4.725339706120796
user58,PBXE6E6YZDFXY4Y4,1.0650709523870932
user59,BBADZYTUFZVWZZZJ,4.693634598722785
user59,ACCEFYBA3VFCDG9D,0.7790865480053877
user59,MUGEBJ7XAFVH25VD,0.475623089214684
user59,SOCEGZA52GBGXWYB,2.2827355669138734
user59,SHTEBG9CGJ5N9RGZ,1.2019673334734011
user59,RNGEBQZQ5ZZDHJXU,0.27313819483188007
user59,BALEYMGAD5F63Z6P,0.21687133122007318
user59,SHOEBN3FFYG75P3D,1.0506402769155203
user59,TOPEGWUTW6GWYSBE,4.603980998505209
user59,BBAE3529WRMHGJNR,4.5896611600210875
user60,CPCEA4ZCHPHGHCYN,2.6777381952823083
user60,NKCECWKZZWHHAHQH,3.1994116725481274
user60,SPWEGAHTJNDNSPNT,3.0646265109151543
user60,BBAEBFKGGVUVUZKH,1.6270662672265035
user60,BRAEYMFCWUSF3U9B,0.6742823422774086
user60,DBLE5GN47ZHKCCCN,2.580594396669907
user60,TSHE75PXCQZ8UQFH,0.42402727128892204
user60,SHOE8RKJAZ622YCE,2.9629429425148124
user60,ACCE9Y6QYCMQBRMU,1.2247833566811712
user60,SHIE9ZYZQBKZQMWD,3.033026638013265
user61,ACCE7W6P6NGHMGVG,1.1435783933759542
user61,TSHEDF3JUVQTCG6Y,1.5198431163544657
user61,ACCE9YWXVFTHQHJ2,2.149523124705465
user61,BTWE7FMNMKXM4BVG,4.170515477145943
user61,BRAECFARCCEGEQFX,1.7536497097740682
user61,SPBED63HEVGEG5KG,4.244544311579414
user61,LACEGEZDXJMYZFMA,1.7988040291358636
user61,TKPEJXUP89GFFZUS,2.6604010291903037
user61,CAGE75QCGVXYV78T,0.12925823352501087
user61,SNDEAVZ4MSGYFBUD,0.2603067218449606
user62,TSHE9U6F9XKQB4CK,4.625152867489766
user62,ERGEFH7V9C48P6SW,0.980213939895504
user62,TUNE58HDNTMBK4VQ,0.8250587459217118
user62,WATEAYAHJ8CUCAYM,2.7309649584225077
user62,CPGEGQYQ8UKFHWYT,1.078685041415954
user62,BLAEFHQ3HZPRCD8Z,4.9539610182837555
user62,ACCE5QD4BPW5FJC6,3.5294140476785247
user62,SNDEGFJ2GD5GWVSH,2.734945020599893
user62,NKCE9YX36WBZF9HJ,2.213684973038175
user62,BRAE2NF6S8WKV2FE,3.543782378516831
user63,BRAEDQFRZAAEWCDT,4.028311607973875
user63,TOPED5HSCQGYGWPQ,3.2841125117283654
user63,DEOEGBBCBBEJGRAW,1.5713654467436116
user63,PANEHZSVEUYJNYS5,1.0776332950774137
user63,TSHDXWECXZ5HWJCA,1.9871215873483634
user63,BTWEBRYFPZQDCGJC,2.0976861614445603
user63,BDGEFMYFVFZQEHVK,4.691562036207111
user63,PBXEAT5YEBXXHPEW,3.363466087804852
user63,TSHE5NYHZ2ZJSX2H,4.360989445871969
user63,PBXE9YWGAZHPPQKQ,1.8322594410984605
user64,BBAEBUD4ZEEFEEGZ,2.468727092818649
user64,SHTE644DZWTFY6KD,3.7936549726689357
user64,RTRD4D3EGBAYBG2C,3.5075026549015536
user64,TSHEAKUGYHYP2B2V,3.933662291888149
user64,DREE4FC4TAR8M5GN,4.37841399292139
user64,ETHEGYHBZD9DF99Q,1.3542416611586856
user64,SHTE4NR3Y6HT9ZVC,2.990912427862478
user64,HMBEGER2JG3JCZHX,3.651668043389025
user64,DREE46ZEHAFQ2EUW,0.9616127634724603
user64,BRAEBBMQZFKXN5CP,4.291335793116292
user65,CRTECN2QVHVZHUBG,3.1809624239790497
user65,PASE4CYWFKNMWMTZ,2.0305194732217875
user65,SNDE9BGFRGS9WJTV,0.17727561856891394
user65,TSHE4F2GNYJYRSSG,1.6401836346511778
user65,PEBEBQCZPUHYHKNR,0.5574008872649566
user65,BTWEBUHYYNMZ77FN,1.0777324744994454
user65,NKCEGMVCHERZZQMW,2.318848938490035
user65,SHTE6F3CUWEURTKB,2.883368310415962
user65,TSHECHFVV3F5FHK2,3.26466386603884
user65,SNDEJKRZRSNSGFM7,3.9791478196577517
user66,NKCE7ZNGWZBHRMGY,0.04521887401541469
user66,SHIEHXZEWWACSXRQ,2.8103018164762927
user66,BBAE826BG9W2VGPN,4.778853889049969
user66,PELEJWHBZZHFCF4H,2.934614752766735
user66,SNDEBCJFGBGHQR9P,3.4000565109912073
user66,SNDE6S7NZTD7QQ7M,3.7465594804665865
user66,APREGUTB4HYPZQVX,0.5664681548445105
user66,CSPEGWN2Z32RHEJP,2.1046898943591668
user66,SWSEDHHRZCEEAU8U,3.9230015173806985
user66,CAGE4BQXSBKGWBE3,4.82632368696237
user67,ACCEGQY5HDFHWWNK,2.1948066713631653
user67,ACCE6GFGHEZSBFYC,2.6076757487301716
user67,BRAEBB6TVMUSA3VW,0.8704286975856268
user67,SNDEHQJNFGTYMPHY,4.460584416974366
user67,WCKE26PFQHKXRHZS,4.405089991870889
user67,BRAEBBMQWBGB5ZFQ,3.5444035222078467
user67,BRAE6ZCHAHQE5HD9,4.311607795694956
user67,SHTE4G488BYTWMMH,2.4849471058990047
user67,JCKECHXWHUTGHZAZ,4.300020233228912
user67,SOFEDVYZ29EW7VEP,4.328219933602509
user68,BRAE2M4Q4QTNHTWF,1.2680828312087593
user68,BRAEAW9JPBZUGWHH,0.24390291626431748
user68,PCSDY5AHRAG6EJZR,3.2505961297307824
user68,WATEYAP3GD6VYR5U,3.9182136691837726
user68,CRNEEABU2XDGQWTX,1.4542400712068804
user68,MUGEAGGKNFZUGFN7,4.737436607283012
user68,SHOEHXFXHX4ZCUX2,3.5537469719128483
user68,LJGEADY4Y5JHREMQ,3.3787021352896756
user68,TSHEHU5RQSZZHSKF,2.9240910119835517
user68,PBXEBSMZKB3GTTS8,0.04463558234662657
user69,PBXE7V9ZUUH8FZSZ,0.5957058666558429
user69,BBAEEDQYKWXZDFHR,4.084954630644082
user69,NKCE89MSGZ7NVZ7D,4.200420619414173
user69,SHTE7F94Z7HBFWU5,3.479051091791816
user69,CRNEJBGHV7SAEGPA,1.883498926410387
user69,MUGEAGGKZSXJZXBB,0.14534435473404272
user69,TKPEYPECGWCK5HH7,0.5793377214835738
user69,ECOEFYFCC2BUSBN5,0.8693870233145518
user69,PBXE6E6YDZDNVKQH,0.7347150398421687
user69,BRAECBDFYG5VGUZG,4.569886754268671
user70,ACCE9YWX8DPNFTF8,0.8379911905913384
user70,ACCE6DZC6Y5ZYCZ7,4.285306678886754
user70,TOPE7T5FMBVW9EFY,4.420088311598393
user70,SHTE5YHGZVA9HB2Y,3.3801531302389405
user70,BBAEE992M8XFWEHE,4.791004507075373
user70,RNGEDAPSXHZRZQPX,1.0112921356324234
user70,BBAEFUFSYGJYCUYS,3.8663682983754026
user70,SHOE6KNBNJ98N78B,0.22079009120002768
user70,NKCDXVF9JX7JGBZH,3.4204731755131945
user70,WATEYAP38HHARJDT,0.8196721297246395
user71,PELEGPF7SQR9ENHQ,4.157565298556544
user71,BRAEB2S8ZJGNGKQS,2.64944995007266
user71,LACEGEZDXJMYZFMA,0.7021973460700737
user71,SGLEGBV6MF4E396Z,1.97686469205679
user71,DIAE7QHEYM2MSRYF,0.9371810067809977
user71,RNGEFJFFJPKMSZ8Z,2.8818645352017462
user71,HOFE4P3YVFHFFMGS,4.379496220364876
user71,SHTE5Y65Q27B6XTS,3.583187003373562
user71,JWSE75Q9ZFVHWJXQ,3.2871906023659676
user71,MUGEACY8Q3ZYSYXZ,1.0810196750260341
user72,ACCEAHRFBR6PTFZZ,4.51536900795161
user72,JCKEBGGJWV6UH4FV,3.659750634258523
user72,CAPE7QZJXYRBJG56,4.180044889463232
user72,JEAEHGTNEGAGQ3D2,4.157761582687241
user72,SNDEE5FMQ5YQAKMZ,1.4661166295266397
user72,BOREGTAJM5ZDNBFU,4.146312941553607
user72,NKCED6HQP5QHVGGP,2.2074569004405893
user72,SHOE7CHXZ6MEYZNW,4.015713566429403
user72,SHIEBZB4QFCBMVXD,0.22030360491751555
user72,SARE3F6HTYNP7VGG,2.097732479260264
user73,NKCEFFFPSG28KBZR,4.728108087121784
user73,NKCE7MMGPAKN8CMJ,4.548705400567235
user73,SHTECB92TJRTSMUS,0.11285757452426826
user73,TOPE9T8FXVBGHGQS,1.8163043849002487
user73,SNDE5PJGWDSXSDQN,1.2005725938810208
user73,LJGDZJ625TFAJ7UA,1.947627441112509
user73,SHTECG6GNUZMJH4W,2.2861124019271433
user73,SWSECTZC4CH4P8GS,0.6727628414101466
user73,CRTECN2QYU4SJADV,3.449989937067043
user73,ACCDSY8EHHF5TSKC,0.9330808909031479
user74,SRTEHHXGEVDQMEQV,3.9684709793269852
user74,SHTEGQESHTJGYG3S,4.382726670900135
user74,JWSDXV8PZQXWKY2A,4.607183103322841
user74,STIE9F5UFQ6CWCWA,0.8160607444318357
user74,ACCE6S2GA922QHYH,3.9179862655375643
user74,ACCEGZ66HGA5WZTY,1.2583364601823022
user74,SWSEYZ7FNGYKDC7Y,2.5056988590149984
user74,WATE9ZYZTKUEFFVG,1.0547529769034796
user74,ACCE6SJGZYJVZJZ9,4.130825291565486
user74,NKCEA5FHZSG4SVZP,1.6244866053708773
user75,BBADVRPJZYQ5MBZB,3.24776380996623
user75,LJGEJQ4ZHGA5XSD7,1.4903522565919847
user75,SOFEE76DZYFDSVCP,0.9669672517860511
user75,NDNEGCSGYZY3N5EZ,3.663417541221002
user75,NKCE5QSZTMRJQJ2H,0.5190670544521869
user75,JWSE2H9PMKGZ5YCS,3.172703649722093
user75,STCEGDYJZFW5Y2WV,0.3535114736525774
user75,TSHEJTYSMSXX8ZDM,0.07380463483343092
user75,TSHE9DFQXVQ3QKQZ,1.0813801311613325
user75,RNGE7M928JSR2PZY,4.157516402323647
user76,SRTEGWKHGMNG3WRJ,0.5845477436398117
user76,CAGE2MACSYZCWHFG,0.3355212331238455
user76,PBXE78PHMWRZDD94,0.6010298802677522
user76,SFFEJNR6SC9V3ZQK,0.4097609175761263
user76,SHTDV8NCYV6GNH8E,3.9762668462357533
user76,SHTEGQD9SXDQBAHA,3.216022055261572
user76,ACCEY8V2JXPN42GY,3.8834424421858005
user76,ERGE44U9QGSFRFGT,0.9654498189846733
user76,MUGE8NZC8ZHZPNFF,2.7582415824346733
user76,TOPEH386MHGAZYNK,1.1650877210519928
user77,KRTEE8TYJCSDVHR2,4.5425383696668735
user77,SHOEE5N4TZF7QHHR,1.7574475430095675
user77,WATDT6GFNJN4WGYD,0.7535638239216436
user77,FABEGPFVHSVXJ5VN,0.4763677110546971
user77,TSHECQKNFFER2ERM,0.9565140692222585
user77,SHIEY382SR75SXEY,1.711521315697579
user77,TCBEHH36VGBN92BH,2.0972577128524756
user77,SHOEEQNJETZKM4PZ,4.63361306154395
user77,ACCDDQFZFWF5SNSK,3.4653356033244664
user77,SHOE6VTKJZUXHDAT,3.4582021462154655
user78,BCHEG687RAGARBKG,1.3550954050079445
user78,MKTE9FYTQCCHNJZK,0.30811686419914996
user78,TROEG3VYGVSB9F5H,1.0508226769049867
user78,TSHEHU5RPTJKG4G2,0.3801060509577192
user78,LTBEBN239WTWHSHK,4.15005049677468
user78,ERGEFH7V9C48P6SW,3.445645971338134
user78,ACCEGKTSWHU8GTRM,3.1854876193930632
user78,LJGE8WRFYJPHUAE6,4.164636862107747
user78,PELE2GVMDWFTYGYQ,1.5461368670002706
user78,BLAEE2PMGWCZFFGG,4.475218423763098
user79,ISTEH3DRCCZDVHM4,0.905279749416325
user79,BRAE3WVQFNXCNJFS,1.0328945657494555
user79,BRAEBBMQZFQES9ZQ,2.0221107470727606
user79,FABEBZXC2GZ2WJEW,2.444223386429995
user79,SLOEBHYNHETSRBXN,2.7792909718414704
user79,ACCEDF7A5JEFATPG,2.203861767511495
user79,BRAECKHXSXKEWZXX,4.903567569373556
user79,PCSE6SJGYC6FWS9X,1.8068639570589673
user79,TSHE8NSBZTMPWDZH,2.6884540163117254
user79,STIEEHYK7FT2BYPP,1.7870906821949624
user80,BHGEGTATYZ2VKAHF,0.007485917172297407
user80,NKCECZG4EYKY7XEH,0.0976036948343284
user80,WATEHZP5RHMMCBPZ,4.315258444976762
user80,ACCEAFYW5QDXZJEH,1.9286120249047045
user80,ACCE6GFE3ZBKXJG9,3.575130728626543
user80,ACCE7XGJZWRHVHPH,0.1260569837321246
user80,SWSECD6Q8GYZFWXZ,4.721097819502086
user80,SWSECTZC4CH4P8GS,2.6930700305477906
user80,BBAE7F9BYHHXHFEK,4.5958421596065975
user80,DREEA4DUZWJZQNEU,0.6628397984542467
user81,FABE9335WS77N9FZ,0.49616424664367775
user81,BRAE6JCZDJM7X9NV,1.0665128657541971
user81,CRNEDAKFTTSGFWFP,2.8330395225738196
user81,BRAEB2ZTZ4WCHZJ4,0.28577284422386995
user81,SNDEJTZGSUR5GTZM,2.380137915302715
user81,SHTE4CNCZVYKFS5Q,0.3332910168647013
user81,RNGE88FRWWZECGGM,0.4213887977478953
user81,SNDE9B8FER3FJVJ7,2.405851774065847
user81,ACCDVHJPRYJMJYFQ,0.6189852199377255
user81,CAGEBTJBUGCHBYDY,1.6707669814726644
user82,SHTEYFB9ZHUZZNME,2.0698166776224864
user82,SNDDVP9CYXHTZ7XC,3.745677807203471
user82,ERGEA5DYQ9KUZNAK,2.3393171429871584
user82,KRTEDZ9ESJWSABWS,2.4852498289766443
user82,PPMEAGKGRBXZNNFS,4.993961838438269
user82,CRTECN2QXRTJXCCY,3.587248236288473
user82,MTYEGZ5FPZHABYJP,4.84314228821774
user82,PBXED6C4U4SVQWPG,1.2010514609127954
user82,STIEYZ5TZG9N32H6,0.5407890562619927
user82,SHTE84EANJZC4WHF,4.9494816451514385
user83,NKCDXEGWS7VWXSEJ,1.3694503906220323
user83,NKCEAGXHSCG9YHAY,3.3106759813621682
user83,SNDEG6GXHRGGGFYB,2.610197861567314
user83,CLTEHE9FDPYN5TQ3,1.0251258792635038
user83,FABE3GHHKWBP96WJ,3.2269845100466954
user83,HMBEFD35ZPCR4AQA,3.803399692803425
user83,NKCEYGTGZFYHTGFH,0.234143832365572
user83,TSHEDKKXYGKVYABU,2.6644259779394726
user83,DREDVF2W9PTRAEHK,1.0824191310981406
user83,TOPECB4EZYHC6C3B,2.9920920337111827
user84,AFGEGF4DTH3GCFYD,1.0297729498654924
user84,ACCE9Z5RPQY4GEXZ,0.03962585712289912
user84,LBXEHYZXWPFFH7P8,0.37827811612160367
user84,BBAE9S9FAADRB9MC,0.41729177408341367
user84,BRFEGJJVBZ7SXMXH,0.2912810586376269
user84,BRAE5PKZ8QXFHWGK,0.7170785232095128
user84,BBAE3RFEQ32TQEQN,3.361467322508898
user84,SNREYFC5FFNDUUGJ,4.14206089908184
user84,STIE6JA4XVUXVA24,0.8938603392225936
user84,HDNEDVWYCSDUPFND,2.4973085995471083
user85,PCSE3693H9GC3D2Q,0.8324603780648532
user85,AFGEH755PDVHVVCJ,4.630668057253248
user85,ERGE6FMYXWV9BDJU,2.5461929127318244
user85,TSHE4SBYFHWGCXSZ,3.68930404936382
user85,RNGEBWZUTZFZHBWN,2.0458422941599825
user85,STIEYZ5TSXN8QU4H,2.9770425143615267
user85,CRTEHSSCVTZ3DB72,1.865699285277243
user85,KTAEJJCGNBEVSDFZ,4.6298597503057595
user85,JEAEGFMZCDKBCGMJ,2.770469291290836
user85,NKCE8QF9TVUDQZFU,4.491007597791051
user86,SHTEA48RPJADQQ5C,0.7122032612462981
user86,WATDZ2ZQPXHZYQZJ,3.1347147226887295
user86,DREE6G7MEUW3MM6Z,1.9533497772876052
user86,ACCECNDZE4GSJPMV,0.5860170816109062
user86,DREE87GTNEFY272S,1.4441167764143203
user86,CRTECN2RCH9CG4SA,2.9374505567805382
user86,ACCDQJYMJJ5CF8ZY,2.434046445906115
user86,SFFEJTPPKYVGEGJH,1.0398014048839292
user86,LACEGEZD7WRGFAAG,4.099526237681755
user86,PBXE7NYSPF4FKVY6,4.67294961358104
user87,CPCE8KSMZHHBFUDS,2.84564153420992
user87,TIEEEAHSHFGDXPRE,3.648229196841515
user87,SWTEBKPYZUHGBWCH,2.913522448082684
user87,WFCEGE8AWTDDUAMC,0.14265096330157157
user87,PSRD7NKJGFMGAZQG,3.3913162595977786
user87,TOPE9KJEYHXXNBGC,4.277851672273856
user87,MNKE75M6XXECTDK6,2.1036152492306743
user87,RNGDX7RYGFGZCUNX,0.7675117376015461
user87,STFDA3Q4YWEEHH2N,3.56451647237149
user87,MTYEGZ5ZCWFARE5X,4.9997031721075755
user88,SHIEBZB4U7BKYJTU,2.8881062786470286
user88,WATE9MXPNCGYHEK3,4.301752311795611
user88,CRTECN2QX53WHTKZ,2.082693229506546
user88,BKPEY9TNHRGN9HRM,4.9336339697006455
user88,PBXE5CFUTETHWRZH,4.689644129685108
user88,SWTE9S6EBCTZQA6X,2.8348108121642324
user88,PADEHZFJGQNSEVKC,4.262472744448801
user88,CRNEE84JUBYGFVX7,1.3569647141457897
user88,CSREGUNCASVGYYBA,4.831658759385295
user88,BBAE7YVPMTU2PJFX,0.7181947644688025
user89,BRAE8JZ7KCUB2GMZ,3.2356320607971654
user89,JEAEHA49Q7GUXNW3,3.382234485591563
user89,SMCEJV6XGQDBMGGQ,3.475114509157234
user89,CAYEJFYZ6B73NUMH,1.1767440568923266
user89,BKPE8M5FMCGSTYJZ,1.4517346685060688
user89,NKCE27TWT4YWWHJM,4.350288365391322
user89,SWSEDXEYKZKKEMSC,2.859795561173339
user89,NKCE9YX2QXHJZ6MH,1.5025470803575824
user89,WATE26J7Z9MEZZKH,3.0192625256229606
user89,TSHE26PJVENGBGFY,1.0080745041924017
user90,ACCEGZ8GDQKDXMTT,0.4555529085690646
user90,SHOEJUQGNBAHYR3E,3.4146507336107987
user90,ACCE6DZCK6XYXSWG,3.1647454516376223
user90,ACCDX8ZU3GT4AGT3,2.0162143410952216
user90,CCVE3Z23WWHMGHFY,1.3663327123221043
user90,TOPE8YMA9YXKAGEW,4.122720380918072
user90,ACCE9DKASC9BDRYE,0.2984239391862442
user90,ACCEA4CAGP3QJRWU,0.7415037235270239
user90,STIE9F5U6FH9GCEY,0.28049476523312744
user90,STIE9F5UJ69BSFXK,2.461299043869847
user91,TIEEEYH5JYGS7EAW,1.9552635454748173
user91,BBAEDVQFCVT4UTMR,1.7265908647751753
user91,SHOEGEV4TDKWVMAD,3.5606706398478636
user91,BRAED7QUJVM6HEEZ,2.214296355742864
user91,BKPE9R5CWH6CNCWM,4.466088118237634
user91,CAGE8TQ8ZBEZQERG,1.7643617697159952
user91,SHOE6XNZAFUF2SHZ,0.3060869561319268
user91,RNGE4YPTQYRECV9J,0.7253677867818181
user91,NKCE52CSHUMGZEZF,0.9484709769638583
user91,NKCE6NHSTFPRNH4S,3.3517558493289497
user92,CPCEH2BTGUYS5XJB,4.9310805193893215
user92,SHOECJD5WVAGAJEH,0.7242878148655935
user92,STIEYZ5TJ8FBPSBV,1.782839981100881
user92,PTPE6NZAWWHNJHJ4,3.791490888151854
user92,SHTEB5MNYHJJQGBJ,4.925178797468994
user92,CPCEH2BSUG9QVGHJ,3.322517689207341
user92,BTWE88GQZKD6N3VX,3.6208553951834546
user92,CRTEB774DZGQJXV8,4.14686108744862
user92,BOTEGZWGRM6MPZZD,4.3945596998365675
user92,SNDDXV3VZFNJSGBD,3.3109253720288385
user93,BRAE3TSHZ6KZBBZH,4.202736140726402
user93,PBXEAKKRKZVHERAV,3.0697919609478252
user93,STIEYZ5T3ZF7VS7V,3.964203062671792
user93,PCSEAH5WEMVJMB3D,1.8745354850885165
user93,HMBED53EZKJRRPXM,2.6647538603130894
user93,RNGE8TQ9STMZHYDA,2.322858267000174
user93,SHIEA4D3X89GGZSH,1.671066329279542
user93,CPCE8HMRQY7FTZZ7,1.172951943863657
user93,ERGE3RHDKXKNF9TS,2.908136841451231
user93,TSHE3H9TZJNYMHUW,0.38129933956325524
user94,ACBECFGT74DBRJRT,4.211509115454184
user94,ETHEJG9FWZ7NZ3GK,1.9620903610980023
user94,SHOEJVHAWMHCBEJH,1.9562095875381447
user94,LJGE8MZRNYJCG7AH,3.6104215927305345
user94,PYJEGR45T6HSVGZS,1.835262828809166
user94,SNDE9G8EHTUXGSWF,2.1287308410886396
user94,PYJEGR3XNRPRYJZA,1.32669280094304
user94,PPME8GF3CYRWV8NR,3.3140622307103484
user94,RTRE2V3Y6FWVHDW5,0.32402446034375143
user94,NKCDXHWZXNKGUYJN,2.238142758290724
user95,CRTECN2QVH5KUGW4,2.7697455135181133
user95,CPCE8666AZZTSQM8,2.0312264658029227
user95,BRAE8JUHJB794RZY,0.2821704683866999
user95,BHGEGTATPZRZ8HHQ,4.0526292624323865
user95,SWTEEXZQHGBRYQDY,3.9079981276930953
user95,SNDEG6GXKQNZTSKK,1.8713483740374288
user95,PTPEANKGSUQC2EGN,2.3726684805405283
user95,BRAEBXRBXYDKYPKB,2.310803074371648
user95,LJGE524RJZMTDWJH,3.8348837098643744
user95,BALEDMVBJHEQRJS5,0.13824243538774483
user96,WATE9U6YMU7T2EBG,0.7852040460876136
user96,SRTEH2F6HUZMQ6SJ,1.7712832549552182
user96,BDEEGH3ZFBZBZZGU,2.642900697777704
user96,TSHEGCZTUAZAYE7G,2.9431983980783913
user96,HFCEGNHHRG5UUDJF,1.727477596998096
user96,DREEBPE8ERZCYPNA,4.0314860751222845
user96,TKPE6GJCVQT6PH9G,3.7217247509799085
user96,CRTECN2QUHW9VFFT,1.6009545333474473
user96,RTRDGGQ754BDWH7U,0.6610854610335448
user96,BRAEDZ7TZZYJEXFG,1.6990000737029909
user97,CAGE6HYJDNZJVADS,2.67159769305134
user97,FABEHAEDAWVHTXB2,1.164619296668095
user97,WATEYP8CTDHWH7N9,0.24147832202506603
user97,NKCEDHHPHWD9JCGA,2.597455342593589
user97,JWSE2ZP3CZKXGZB5,4.486206110988256
user97,WATE3FAGMKFBCTPA,2.442635098412624
user97,RAKEJU365EKFVF8S,0.6400953200889437
user97,CLDE9Y64GKDGAAUG,4.819655329391258
user97,MUGEAGGKNHCZKE2Q,2.7269422981296114
user97,TSHE9BGGE85KBETR,0.7241304265217385
user98,BBAE7F9CHZYTSS2D,3.098545105738096
user98,TSHEGCZTUAZAYE7G,3.3057176942494904
user98,BBAEDVR7KRQT7EP9,2.566833946855798
user98,PACE5M34GBFNK4F3,2.2800518522565296
user98,BTWEEFJ8Y9TH7BSY,4.379001368364932
user98,PCSEAH5W7AUAGFAU,2.3587414628198395
user98,STIEYZ5T3ZF7VS7V,3.9081535403083634
user98,BRAE6Z79C9EBYNGJ,3.2416798297665403
user98,NDNEGCRHXTP7BCQE,4.993088086095186
user98,DREE63YVJZEAGEGN,4.803942953156446
user99,SHOED65YZH7RQQTW,0.7511372282133555
user99,CBKEA9HYUXZEYXAH,2.8736847519076054
user99,NKCE7NEF8HEDE8XR,3.7777333940485875
user99,NKCDYPDS8THDBS7K,1.6445253288968464
user99,NKCE2NKZGKZ7TVUE,3.127259583664885
user99,ACCEGXK4XKRYAD3S,3.346918486969193
user99,CAGE9ABA6MTKHCNM,3.5801169702619577
user99,TWCEGJZKVYZHNE6Z,2.95383190360536
user99,SGLEGBV56CGKHGHC,0.13710643870359418
user99,TMLED6G6FKYSUVAC,3.713534800711811
user100,CWIEGKPGR69BBHZ8,2.98226134848535
user100,SNDEBBK5Z6KUQZZF,2.6463823446155055
user100,SHTE8DY8VS8ADZ3S,2.4342671220772387
user100,WATEAK8SE2RUK7GM,3.2208741344589087
user100,WATEA2H8FTBKZGGG,3.4635898085787105
user100,PCSE4FKCFUXFP9VW,1.756606997387275
user100,BLAE6DPHRB25VEHK,1.7139142746481584
user100,TOPE8DPRAU6DCFKN,2.5069264150415744
user100,MUGEAGGKPSZSWZMJ,3.5613987457576997
user100,SHTDZHYHJAQHGUFN,2.0862255609896705
